{
  "metrics": {
    "accuracy": 0.9932697700504767,
    "f1": 0.992094861660079,
    "fn": 16.0,
    "fnr": 0.010512483574244415,
    "fp": 8.0,
    "fpr": 0.003913894324853229,
    "npv": 0.9922027290448343,
    "precision": 0.9947159841479525,
    "recall": 0.9894875164257556,
    "specificity": 0.9960861056751468,
    "tn": 2036.0,
    "tp": 1506.0
  },
  "split": "test",
  "threshold": 0.3
}
